"Chocolate","2019-11-30"
"Guatemala: Heart of the Mayan World","2019-11-30"
"The Zoya Factor","2019-11-30"
"Atlantics","2019-11-29"
"Crazy people","2019-11-29"
"I Lost My Body","2019-11-29"
"Kalushi: The Story of Solomon Mahlangu","2019-11-29"
"Lagos Real Fake Life","2019-11-29"
"Payday","2019-11-29"
"Sugar Rush Christmas","2019-11-29"
"The Accidental Spy","2019-11-29"
"The Charming Stepmom","2019-11-29"
"The Island","2019-11-29"
"The Movies That Made Us","2019-11-29"
"Holiday Rush","2019-11-28"
"Levius","2019-11-28"
"Lugar de Mulher","2019-11-28"
"Merry Happy Whatever","2019-11-28"
"Mythomaniac","2019-11-28"
"The Score","2019-11-28"
"Broken","2019-11-27"
"Defiance","2019-11-27"
"Evvarikee Cheppoddu","2019-11-27"
"Little Singham: Mahabali","2019-11-27"
"The Body Remembers When the World Broke Open","2019-11-27"
"The Irishman","2019-11-27"
"Mike Birbiglia: The New One","2019-11-26"
"Super Monsters Save Christmas","2019-11-26"
"True: Winter Wishes","2019-11-26"
"Zona Rosa","2019-11-26"
"Dirty John","2019-11-25"
"Pranaam","2019-11-25"
"What the F* Is Going On?","2019-11-25"
"Awake","2019-11-24"
"Popeye","2019-11-24"
"Shot Caller","2019-11-24"
"Strong Girl Bong-soon","2019-11-24"
"Charlotte's Web","2019-11-23"
"End of Watch","2019-11-23"
"Hamburger Hill","2019-11-23"
"Once Upon A Time In Lingjian Mountain","2019-11-23"
"The Time Machine","2019-11-23"
"Brother","2019-11-22"
"Dino Girl Gauko","2019-11-22"
"Dolly Parton's Heartstrings","2019-11-22"
"Girls und Panzer der Film","2019-11-22"
"Mike Birbiglia: What I Should Have Said Was Nothing: Tales from My Secret Public Journal","2019-11-22"
"Narcoworld: Dope Stories","2019-11-22"
"Nobody's Looking","2019-11-22"
"Shelby American","2019-11-22"
"Singapore Social","2019-11-22"
"K-19: The Widowmaker","2019-11-21"
"Mortel","2019-11-21"
"The Knight Before Christmas","2019-11-21"
"Adore","2019-11-20"
"Bangkok Buddies","2019-11-20"
"Be Somebody","2019-11-20"
"Beavis and Butt-head Do America","2019-11-20"
"Bebe's Kids","2019-11-20"
"Bikram: Yogi, Guru, Predator","2019-11-20"
"Black Snake Moan","2019-11-20"
"Carriers","2019-11-20"
"Dorasaani","2019-11-20"
"Dream/Killer","2019-11-20"
"Evolution","2019-11-20"
"Eye for an Eye","2019-11-20"
"Holiday Secrets","2019-11-20"
"Hot Rod","2019-11-20"
"It Takes Two","2019-11-20"
"Lorena, Light-Footed Woman","2019-11-20"
"Love, Rosie","2019-11-20"
"Mallesham","2019-11-20"
"Once Upon a Time in the West","2019-11-20"
"She's Out of My League","2019-11-20"
"Superstar","2019-11-20"
"The Adventures of Tintin","2019-11-20"
"The Devil Inside","2019-11-20"
"The First Wives Club","2019-11-20"
"The Gift","2019-11-20"
"The Goods: Live Hard, Sell Hard","2019-11-20"
"The Longest Yard","2019-11-20"
"The Love Guru","2019-11-20"
"The Rainmaker","2019-11-20"
"What's Eating Gilbert Grape","2019-11-20"
"Who Killed Little Gregory?","2019-11-20"
"World Trade Center","2019-11-20"
"Young Adult","2019-11-20"
"Yours, Mine and Ours","2019-11-20"
"Zodiac","2019-11-20"
"Iliza Shlesinger: Unveiled","2019-11-19"
"Miss Culinary","2019-11-19"
"No Time for Shame","2019-11-19"
"Candy Online","2019-11-17"
"Drive","2019-11-16"
"Iron Sky: The Coming Race","2019-11-16"
"Jeff Dunham: All Over the Map","2019-11-16"
"Suffragette","2019-11-16"
"The Green Inferno","2019-11-16"
"At the Dolphin Bay","2019-11-15"
"Earthquake Bird","2019-11-15"
"El sendero de la anaconda","2019-11-15"
"GO! The Unforgettable Party","2019-11-15"
"Guna 369","2019-11-15"
"House Arrest","2019-11-15"
"I'm with the Band: Nasty Cherry","2019-11-15"
"Inheritors","2019-11-15"
"K-on! the movie","2019-11-15"
"Klaus","2019-11-15"
"La Robe De Mariee Des Cieux","2019-11-15"
"Leap Year","2019-11-15"
"My MVP Valentine","2019-11-15"
"My Sassy Girl","2019-11-15"
"SunGanges","2019-11-15"
"The 24 Hour War","2019-11-15"
"The Club","2019-11-15"
"The Garden of Words","2019-11-15"
"The Stranded","2019-11-15"
"Westside Story","2019-11-15"
"Clarence Clemons: Who Do I Think I Am?","2019-11-14"
"Fadily Camara : La plus drôle de tes copines","2019-11-14"
"My Dear Warrior","2019-11-14"
"Maradona in Mexico","2019-11-13"
"Jeff Garlin: Our Man In Chicago","2019-11-12"
"A Single Man","2019-11-11"
"Put Your Head on My Shoulder","2019-11-11"
"Submission","2019-11-11"
"To Be of Service","2019-11-11"
"Greatest Events of WWII in Colour","2019-11-08"
"Green Eggs and Ham","2019-11-08"
"Hit & Run","2019-11-08"
"Let It Snow","2019-11-08"
"Paradise Beach","2019-11-08"
"U Turn","2019-11-07"
"Burning Cane","2019-11-06"
"SCAMS","2019-11-06"
"Shadow","2019-11-06"
"Luccas Neto in: Summer Camp","2019-11-05"
"Seth Meyers: Lobby Baby","2019-11-05"
"The Lovers","2019-11-05"
"Tune in for Love","2019-11-05"
"Undercover Brother 2","2019-11-05"
"Voice","2019-11-05"
"A Holiday Engagement","2019-11-04"
"Christmas Crush","2019-11-04"
"Dear Santa","2019-11-04"
"District 9","2019-11-04"
"Kicking and Screaming","2019-11-04"
"Minimalism: A Documentary About the Important Things","2019-11-04"
"Oththa Seruppu Size 7","2019-11-04"
"The Devil Next Door","2019-11-04"
"Takers","2019-11-03"
"100 Things to do Before High School","2019-11-02"
"A Fairly Odd Summer","2019-11-02"
"Bella and the Bulldogs","2019-11-02"
"Big Time Movie","2019-11-02"
"Don't Be Afraid of the Dark","2019-11-02"
"Escape from Mr. Lemoncello’s Library","2019-11-02"
"Hey Arnold! The Jungle Movie","2019-11-02"
"Jinxed","2019-11-02"
"LEGENDS OF THE HIDDEN TEMPLE","2019-11-02"
"Liar, Liar, Vampire","2019-11-02"
"Shark Night","2019-11-02"
"The Boy Who Cried Werewolf","2019-11-02"
"The Massively Mixed-Up Middle School Mystery","2019-11-02"
"100% Hotter","2019-11-01"
"16 Blocks","2019-11-01"
"187","2019-11-01"
"A Remarkable Tale","2019-11-01"
"A Year In Space","2019-11-01"
"Ad Vitam","2019-11-01"
"American History X","2019-11-01"
"American Son","2019-11-01"
"Anger Management","2019-11-01"
"Apache Warrior","2019-11-01"
"Barbie Dreamhouse Adventures: Go Team Roberts","2019-11-01"
"Butterfield 8","2019-11-01"
"Cat on a Hot Tin Roof","2019-11-01"
"Christmas Break-In","2019-11-01"
"Christmas in the Heartland","2019-11-01"
"Christmas Survival","2019-11-01"
"Cleopatra Jones","2019-11-01"
"Code Name: The Cleaner","2019-11-01"
"Doctor Zhivago","2019-11-01"
"Drive","2019-11-01"
"Elliot the Littlest Reindeer","2019-11-01"
"Enter the Dragon","2019-11-01"
"Euphoria","2019-11-01"
"Executive Decision","2019-11-01"
"Fallen","2019-11-01"
"Fear and Loathing in Las Vegas","2019-11-01"
"Fire in Paradise","2019-11-01"
"Forbidden Planet","2019-11-01"
"Getting Played","2019-11-01"
"Gigi","2019-11-01"
"Gosford Park","2019-11-01"
"Gothika","2019-11-01"
"Grease","2019-11-01"
"Hache","2019-11-01"
"Harlem Globetrotters: The Team That Changed the World","2019-11-01"
"Hello Ninja","2019-11-01"
"Holiday in the Wild","2019-11-01"
"Holly Star","2019-11-01"
"How to Be a Latin Lover","2019-11-01"
"How to Be a Player","2019-11-01"
"Invictus","2019-11-01"
"Jimi Hendrix","2019-11-01"
"King's Ransom","2019-11-01"
"Legion","2019-11-01"
"Like Water for Chocolate","2019-11-01"
"Listen Up! The Lives of Quincy Jones","2019-11-01"
"Logan's Run","2019-11-01"
"Lolita","2019-11-01"
"Love Jones","2019-11-01"
"Mad Money","2019-11-01"
"Maid-Sama!","2019-11-01"
"Money Talks","2019-11-01"
"Monster House","2019-11-01"
"Mutiny on the Bounty","2019-11-01"
"Nacho Libre","2019-11-01"
"National Lampoon's Loaded Weapon 1","2019-11-01"
"Ocean's Eleven","2019-11-01"
"Paid in Full","2019-11-01"
"Queer Eye: We're in Japan!","2019-11-01"
"Rebel Without a Cause","2019-11-01"
"Revolutionary Road","2019-11-01"
"Rosemary's Baby","2019-11-01"
"Rounders","2019-11-01"
"Rumble in the Bronx","2019-11-01"
"Santa Girl","2019-11-01"
"Sling Blade","2019-11-01"
"Sparkle","2019-11-01"
"Spider-Man 3","2019-11-01"
"Spitfire: The Plane that Saved the World","2019-11-01"
"Step Brothers","2019-11-01"
"Superfly","2019-11-01"
"The Brave One","2019-11-01"
"The Christmas Candle","2019-11-01"
"The Cincinnati Kid","2019-11-01"
"The Game","2019-11-01"
"The Great Raid","2019-11-01"
"The House of Flowers Presents: The Funeral","2019-11-01"
"The King","2019-11-01"
"The Last Boy Scout","2019-11-01"
"The Man Without Gravity","2019-11-01"
"The Matrix","2019-11-01"
"The Matrix Reloaded","2019-11-01"
"The Matrix Revolutions","2019-11-01"
"The Old Thieves: The Legend of Artegios","2019-11-01"
"The Pelican Brief","2019-11-01"
"The Tuxedo","2019-11-01"
"Thelonious Monk: Straight, No Chaser","2019-11-01"
"True: Grabbleapple Harvest","2019-11-01"
"Vantage Point","2019-11-01"
"Vientos de agua","2019-11-01"
"We Are the Wave","2019-11-01"
"Wild Child","2019-11-01"
"Zoé: Panoramas","2019-11-01"
"Zombieland","2019-11-01"
